"discount_range";"average_rating"
"0-20%";4.185714285714285
"21-40%";4.176000000000003
"41-60%";4.112612612612611
"61-80%";4.085576923076922
"81-100%";3.9928571428571424
